{"weights": [-10.830974327309372], "biases": 5.298112291713979}