{"weights": [-10.448022884604338, -10.525740890204462], "biases": 5.003297749849856}