{"weights": [10.45513236326584, 10.477545042623953], "biases": -15.75769536469202}