{"weights": [10.448028483415575, 10.525746473503585], "biases": -5.003300551001234}