{"weights": [-10.455134070154879, -10.477546749353495], "biases": 15.75769792450235}